carNo,disName,catProdId,storeId,plusInsurance,prodId,birthday,buyDate,buyDistance,nowDistance,status,updateDate,updator,prodCatId,pic1,pic2,pic3,pic4,officeImg,describeImg,prodPriceRowId,monthStartDistance,clientOrderId,contractMonthOfDate,engineId,color,insuranceDueDate,lat,lng,locatUpdateDate,enabledDistance,ccType,carNoDisName,contractMileage,deductibleMileage,keyBoxDoorId,ecoAuto,enabledEco,maintainDistance,maintainDays,lastMaintainDistance,lastMaintainDate,carOwner,statusChangeMsg,statusChangeDate,iotType,isPutKeyBox
ENV-6091,,,36,,16082768393640618,2020-10-30,2020-12-23,1000,11,1,20220705152911,admin,2,prod/16082768393640618-1-b8df075f94b91499f37.jpg,prod/16082768393640618-2-7afbf0b87fb4fb04339.jpg,prod/16082768393640618-3-fb14af027f501da0fdd.jpg,,office_prod/16082768393640618-officeImg-003b30d03c5f00bfec6.png,,1,11,,1,16082768393640618,黑色,20210910,,,,F,M,ENV-6091,400,400,,20226188010,F,0,0,0,,zocha,,,,F
ENS-0855,,,33,,16082772492990522,2020-10-30,2019-03-20,22,10,1,20211126101257,admin,1,prod/16082772492990522-1-66db29bbb3d785f231e.jpg,prod/16082772492990522-2-b37d8af4a2088d5c3bf.jpg,prod/16082772492990522-3-98c3ddee31eb274af59.jpg,,office_prod/16082772492990522-officeImg-df6d52fcdb0e45d7b6d.png,,1,10,,1,16082772492990522,黑色,20210924,,,,F,M,ENS-0855,400,400,,20226188010,F,0,0,0,20230516,cooperate,,,,F
ENV-2192,,,39,,16095648365200399,2021-01-27,2021-01-05,2222,1648,1,20230106122200,admin,1,prod/16095648365200399-1-859a9196392750e3efc.jpg,prod/16095648365200399-2-414f2db4418180bbb66.jpg,prod/16095648365200399-3-09fced8e71cd87181bc.jpg,,office_prod/16095648365200399-officeImg-2eac65004d700792930.png,,,1648,,28,16095648365200399,黑色,20211202,,,,T,M,ENV-2192,400,400,,,F,0,0,0,,investor,,,,F
TDW,,,36,,16097632208820760,2021-01-04,2021-01-04,123,0,1,20220705152935,admin,1,,,,,,,,0,,1,16097632208820760,黑色,20220705,,,,F,M,TDW,400,400,,,F,0,0,0,,,,,,F
TDW02,,,33,,16097632709280277,2021-01-04,2021-01-04,123,322,1,20211202103409,admin,1,,,,,,,,322,,1,16097632709280277,黑色,20211202,,,,T,M,TDW02,400,400,,,F,0,0,0,,,,,,F
TEST-01,,,1,,16119272123390824,2021-01-29,2021-01-29,0,1000,0,20250512122903,zochatest,1,prod/16119272123390824-1-685d60e9b99a6b29b05.png,,,,,,,1000,,1,16119272123390824,黑色MMM,20240816,,,,T,M,TEST-01,400,400,,,F,0,0,0,,,TEST-,20250512122903,,F
TEST-04,,,2,,16119274049940639,2021-01-29,2021-01-29,0,0,0,20210628104940,admin,1,prod/16119274049940639-1-b9c504fa56a049919b5.png,,prod/16119274049940639-3-1c2bd8242fdd48fb61f.png,prod/16119274049940639-4-b82434b2efbbbaba3fa.png,,,,0,,1,16119274049940639,白色ttt,,,,,T,M,TEST-04,400,400,,,F,0,0,0,,,,,,F
123,,,2,,16121890722780647,2021-02-01,2021-02-01,2,0,0,20210928112712,admin,2,prod/16121890722780647-1-685d60e9b99a6b29b05.png,,prod/16121890722780647-3-685d60e9b99a6b29b05.png,prod/16121890722780647-4-b82434b2efbbbaba3fa.png,,,,0,,1,3213LL,黑色333,20210928,,,,T,M,123,400,400,,,F,0,0,0,,,,,,F
EMD-8107,GOGO,,46,,16124993747740688,,,0,0,1,20240315101711,admin,3,prod/16124993747740688-1-acfe5f49cccf1afac29.jpg,prod/16124993747740688-2-f935c3815120abb919b.jpg,prod/1-3-b97e8687cab27284658.png,prod/1-4-b9c504fa56a049919b5.png,office_prod/16124993747740688-officeImg-1eae7ae6ce239862c44.png,prod/16124993747740688-describeImg-7147c8d1677e2dfbd71.png,,0,,30,RHMGSBT10J0044510,白色,20231002,,,,F,M,EMD-8107,630,630,,,F,2000,30,16000,20240101,,,,,F
EMD-7181,GOGO,,1,,16124997733570176,2018-04-01,2019-09-06,0,9250,1,20250423105256,admin,3,prod/16124997733570176-1-7c9362f15c77d0ee296.jpg,prod/16124997733570176-2-f4578d52588a57936c3.jpg,prod/1-3-b97e8687cab27284658.png,prod/1-4-b9c504fa56a049919b5.png,office_prod/16124997733570176-officeImg-1eae7ae6ce239862c44.png,,,9250,,1,RHMGSB6BT10J0043932,白色,20240816,24.135615,120.686065,20241024151000,T,M,EMD-7181,400,400,,,F,0,0,0,,,ww,20250423105256,,F
EMD-8121,GOGO,,31,,16125000020610693,2018-04-01,2018-09-06,0,10541,1,20210910092237,admin,3,prod/16125000020610693-1-6080aed937169e7c5be.jpg,prod/16125000020610693-2-334e7f3759bf991ba04.jpg,prod/16125000020610693-3-0e53fae3b074158d1f4.jpg,prod/1-4-b9c504fa56a049919b5.png,office_prod/16125000020610693-officeImg-8188688530384c8fd8e.png,,,10541,,1,RHMGSBT10J0045416,紅色,20210910,,,,T,M,EMD-8121,400,400,,,F,0,0,0,,,,,,F
EMD-8102,GOGO,,31,,16125008403890571,2018-04-01,2018-05-28,0,17048,1,20210910091632,admin,3,prod/16125008403890571-1-c422c8fa1b9e077d5a0.jpg,prod/16125008403890571-2-993b7bedb58b58af5b2.jpg,prod/1-3-b97e8687cab27284658.png,prod/1-4-b9c504fa56a049919b5.png,office_prod/16125008403890571-officeImg-1eae7ae6ce239862c44.png,,,17048,16918856081100237,28,RHMGSBT10J0044505,白色,20210910,,,,T,M,EMD-8102,400,400,,,F,0,0,0,,,,,,F
EMD-8091,GOGO,,14,,16125012869860104,2018-03-01,2018-05-28,0,100000,1,20210625160222,admin,3,prod/16125012869860104-1-97a7fd4c4199b04abb5.jpg,prod/16125012869860104-2-2afc31e24a27622bfc9.jpg,prod/1-3-b97e8687cab27284658.png,prod/1-4-b9c504fa56a049919b5.png,office_prod/16125012869860104-officeImg-0dff604e146e9e5ad49.png,,,100000,,1,RHMGSBT100040447,藍色,,22.998936666666665,120.21277666666667,20230112140500,T,M,EMD-8091,400,400,,,F,0,0,0,,,,,,F
EMD-7175,GOGO,,14,,16125015508540328,2018-04-01,2018-05-03,0,13940,1,20210625124502,admin,3,prod/16125015508540328-1-7262d8e6188cf37339f.jpg,prod/16125015508540328-2-66f65edd499ae1b7569.jpg,prod/1-3-b97e8687cab27284658.png,prod/1-4-b9c504fa56a049919b5.png,office_prod/16125015508540328-officeImg-8ee163965c752b4df31.png,,,13940,,30,RHMGSBT10J0043778,白色,,,,,T,M,EMD-7175,400,400,,,F,0,0,0,,,,,,F
EMD-7161,GOGO,,14,,16125017300830820,2018-04-01,2018-05-03,0,16053,1,20210625122815,admin,3,prod/16125017300830820-1-cbb9a4c859ec32a8ab5.jpg,prod/16125017300830820-2-368fb15e469f89cb739.jpg,prod/1-3-b97e8687cab27284658.png,prod/1-4-b9c504fa56a049919b5.png,office_prod/16125017300830820-officeImg-1eae7ae6ce239862c44.png,,,16053,,30,RHMGSBT10J0044471,白色,,,,,T,M,EMD-7161,400,400,,,F,0,0,0,,,,,,F
EMD8120,,,2,,16125152618100972,2018-05-28,2018-05-28,0,0,1,20241213120323,admin,3,,,,,,,,0,,28,RHMGSBT10J0045414,紅色,20210928,,,,F,M,EMD8120,400,400,,,F,0,0,0,,,okk,20241213120323,,F
EMD-6833,,,1,,16125154256620122,2018-04-01,2018-04-25,0,7730,1,20241218165246,admin,4,prod/16125154256620122-1-ca86577e7b42f9cdb39.jpg,prod/16125154256620122-2-b95946186d2f9d68429.jpg,,,office_prod/16125154256620122-officeImg-3d2b5a23dd4ceda5c57.png,,,7730,,1,RHMGSBT10J0042735,黃綠色,20211206,,,,T,S,TP1,400,400,,,F,500,15,7000,,,ok,20241218165246,,F
ENY-2305,,,48,,16125158066720152,2019-12-01,2020-01-31,1300,0,1,20240518161418,admin,1,prod/16125158066720152-1-93af9f5f2f095796831.jpg,prod/16125158066720152-2-90bf19ef98b69e01d5c.jpg,prod/16125158066720152-3-42b78036207acd7d9dc.jpg,,office_prod/16125158066720152-officeImg-2eac65004d700792930.png,,,0,,28,RHMGSPT10K0023488,灰色,20211215,,,,F,M,ENY-2305,400,400,,31210018170,F,500,20,2700,,,,,,F
EQB-3278,,,22,,16146775356940917,,,0,61,1,20230112155518,admin,1,prod/16146775356940917-1-24833dd95774dab0bb8.jpg,prod/16146775356940917-2-3446ffcfc8bfe103e78.jpg,prod/16146775356940917-3-a28659aa13118fa3736.png,,office_prod/16146775356940917-officeImg-d4059a113371b49fe78.png,,,61,,1,2,灰,,,,,T,M,EQB-3278,400,400,,,F,0,0,0,,,,,,F
MKW-6097,,,15,,16156137962070615,2017-07-01,2021-03-13,8048,10012,1,20210701111458,admin,3,prod/16156137962070615-1-0ce7c8325ae785803f1.jpg,prod/16156137962070615-2-ae14d973f99ec497d7c.jpg,,,office_prod/16156137962070615-officeImg-8ee163965c752b4df31.png,,,10012,,1,8,黑,,,,,T,M,MKW-6097,400,400,,,F,0,0,0,,,,,,F
EMD-6808,,,3,,16163043600060872,2021-03-21,2021-03-21,10000,1,1,20210720104346,zocha.tc,3,prod/16163043600060872-1-306817ed1047482df3f.jpg,prod/16163043600060872-2-49b08b731a524906297.jpg,prod/16121890722780647-3-685d60e9b99a6b29b05.png,prod/16121890722780647-4-b82434b2efbbbaba3fa.png,office_prod/16163043600060872-officeImg-3bda4a9f23912382c98.png,,,1,,0,6808,橘,20220602,,,,T,M,EMD-6808,10000,10000,,,F,0,0,0,,,,,,F
EMD-6816,,,3,,16163045221800850,2021-03-21,2021-03-21,0,10808,1,20210625132341,admin,3,prod/16163045221800850-1-720821746c5cb270431.jpg,prod/16163045221800850-2-2d2935f6e964afe65f0.jpg,prod/16121890722780647-3-685d60e9b99a6b29b05.png,prod/16121890722780647-4-b82434b2efbbbaba3fa.png,office_prod/16163045221800850-officeImg-3bda4a9f23912382c98.png,,,10808,,1,6816,橘,,,,,T,M,EMD-6816,400,400,,,F,0,0,0,,,,,,F
EMD-6819,,,3,,16163047949620009,2021-03-21,2021-03-21,0,1005,1,20210705153133,zocha.tc,3,prod/16163047949620009-1-efcc2116750af14cc2c.jpg,prod/16163047949620009-2-861a68cbb7f667bedb8.jpg,prod/16121890722780647-3-685d60e9b99a6b29b05.png,prod/16121890722780647-4-b82434b2efbbbaba3fa.png,office_prod/16163047949620009-officeImg-0dff604e146e9e5ad49.png,,,1005,,1,6819,藍,20220602,,,,T,M,EMD-6819,400,400,,,F,0,0,0,,,,,,F
EMD-6832,,,3,,16163048273310550,2021-03-21,2021-03-21,0,5809,1,20210625150222,admin,3,prod/16163048273310550-1-13c9ac518935ba13a2b.jpg,prod/16163048273310550-2-586233959d2b7ef4474.jpg,prod/16121890722780647-3-685d60e9b99a6b29b05.png,prod/16121890722780647-4-b82434b2efbbbaba3fa.png,office_prod/16163048273310550-officeImg-3d2b5a23dd4ceda5c57.png,,,5809,,1,6832,黃,,,,,T,M,EMD-6832,400,400,,,F,0,0,0,,,,,,F
EMD-6850,,,3,,16163048653940428,2021-03-21,2021-03-21,0,15405,1,20210625151948,admin,3,prod/16163048653940428-1-25e44d9fd8ea5ace8ac.jpg,prod/16163048653940428-2-16fca9f7141fc70e913.jpg,prod/16121890722780647-3-685d60e9b99a6b29b05.png,prod/16121890722780647-4-b82434b2efbbbaba3fa.png,office_prod/16163048653940428-officeImg-3d2b5a23dd4ceda5c57.png,,,15405,,1,6580,黃,20220602,,,,T,M,EMD-6850,400,400,,,F,0,0,0,,,,,,F
EMD-7160,,,3,,16163049906160692,2021-03-21,2021-03-21,0,16052,1,20210625122735,admin,1,prod/16163049906160692-1-51b4049ec98735e098f.jpg,prod/16163049906160692-2-8c44bf61b97f242c8ee.jpg,prod/16121890722780647-3-685d60e9b99a6b29b05.png,prod/16121890722780647-4-b82434b2efbbbaba3fa.png,office_prod/16163049906160692-officeImg-8ee163965c752b4df31.png,,,16052,,1,7160,黑,20221111,,,,T,M,EMD-7160,400,400,,,F,0,0,0,,,,,,F
EMD-7166,,,3,,16163050691610116,2021-03-21,2021-03-21,0,13978,1,20210625123300,admin,3,prod/16163050691610116-1-9ad0daabd3081b45fa1.jpg,prod/16163050691610116-2-95aad363a171ec1b28b.jpg,prod/16121890722780647-3-685d60e9b99a6b29b05.png,prod/16121890722780647-4-b82434b2efbbbaba3fa.png,office_prod/16163050691610116-officeImg-8188688530384c8fd8e.png,,,13978,,1,7166,紅,,,,,T,M,EMD-7166,400,400,,,F,0,0,0,,,,,,F
EMD-7172,,,3,,16163051357580678,2021-03-21,2021-03-21,0,6335,1,20210625123713,admin,3,prod/16163051357580678-1-89800b8301c09a5c0be.jpg,prod/16163051357580678-2-2c09435d532c354c915.jpg,prod/16121890722780647-3-685d60e9b99a6b29b05.png,prod/16121890722780647-4-b82434b2efbbbaba3fa.png,office_prod/16163051357580678-officeImg-8ee163965c752b4df31.png,,,6335,,1,7172,黑,,,,,T,M,EMD-7172,400,400,,,F,0,0,0,,,,,,F
EMD-7180,,,3,,16163051812090410,2021-03-21,2021-03-21,0,14156,1,20210625125359,admin,3,prod/16163051812090410-1-5e38a8472c894848fb0.jpg,prod/16163051812090410-2-02cf07183fd4188119f.jpg,prod/16121890722780647-3-685d60e9b99a6b29b05.png,prod/16121890722780647-4-b82434b2efbbbaba3fa.png,office_prod/16163051812090410-officeImg-1eae7ae6ce239862c44.png,,,14156,,1,7180,白,,,,,T,M,EMD-7180,400,400,,,F,0,0,0,,,,,,F
EMD-8081,,,3,,16163053728670672,2021-03-21,2021-03-21,0,6516,1,20210625155741,admin,3,prod/16163053728670672-1-25b9aeaadf1289638bb.jpg,prod/16163053728670672-2-eb3da132855de4f0a48.jpg,prod/16121890722780647-3-685d60e9b99a6b29b05.png,prod/16121890722780647-4-b82434b2efbbbaba3fa.png,office_prod/16163053728670672-officeImg-0dff604e146e9e5ad49.png,,,6516,,1,8081,藍,,,,,T,M,EMD-8081,400,400,,,F,0,0,0,,,,,,F
EMD-8082,,,3,,16163053981600108,2021-03-21,2021-03-21,0,7100,1,20210625155832,admin,3,prod/16163053981600108-1-2f66fff17f4befdc030.jpg,prod/16163053981600108-2-8d6c3d8899240887925.jpg,prod/16121890722780647-3-685d60e9b99a6b29b05.png,prod/16121890722780647-4-b82434b2efbbbaba3fa.png,office_prod/16163053981600108-officeImg-3d2b5a23dd4ceda5c57.png,,,7100,,1,8082,黃,,,,,T,M,EMD-8082,400,400,,,F,0,0,0,,,,,,F
EMD-8085,,,3,,16163054301810586,2021-03-21,2021-03-21,0,10001,1,20210625155934,admin,3,prod/16163054301810586-1-6a97e48e93351cb525d.jpg,prod/16163054301810586-2-906ef5190ae4990281e.jpg,prod/16121890722780647-3-685d60e9b99a6b29b05.png,prod/16121890722780647-4-b82434b2efbbbaba3fa.png,office_prod/16163054301810586-officeImg-3bda4a9f23912382c98.png,,,10001,,1,8085,橘,,,,,T,M,EMD-8085,400,400,,,F,0,0,0,,,,,,F
EMD-8087,,,1,,16163054520790431,2021-03-21,2021-03-21,1000,0,1,20250206160548,admin,3,prod/16121890722780647-1-685d60e9b99a6b29b05.png,,prod/16121890722780647-3-685d60e9b99a6b29b05.png,prod/16121890722780647-4-b82434b2efbbbaba3fa.png,,,,0,,0,8087,橘,20250206,,,,T,M,EMD-8087,0,0,2,119216023737224,T,0,0,0,,,,,ECO,T
EMD-8095,,,3,,16163054791480683,2021-03-21,2021-03-21,0,18156,1,20210625160702,admin,3,prod/16163054791480683-1-8d78de4eb981bf9ab1d.jpg,prod/16163054791480683-2-b4666707676c299f323.jpg,prod/16121890722780647-3-685d60e9b99a6b29b05.png,prod/16121890722780647-4-b82434b2efbbbaba3fa.png,office_prod/16163054791480683-officeImg-0dff604e146e9e5ad49.png,,,18156,,1,8095,藍,,,,,T,M,EMD-8095,400,400,,,F,0,0,0,,,,,,F
EMD-8096,,,3,,16163055079740101,2021-03-21,2021-03-21,0,5228,1,20210625160914,admin,3,prod/16163055079740101-1-8937dbed6594e438afe.jpg,prod/16163055079740101-2-b7096bc424729841de9.jpg,prod/16121890722780647-3-685d60e9b99a6b29b05.png,prod/16121890722780647-4-b82434b2efbbbaba3fa.png,office_prod/16163055079740101-officeImg-3d2b5a23dd4ceda5c57.png,,,5228,,1,8096,黃,,,,,T,M,EMD-8096,400,400,,,F,0,0,0,,,,,,F
EMD-8101,,,3,,16163055298410935,2021-03-21,2021-03-21,0,9108,1,20210625162903,admin,3,prod/16163055298410935-1-57fa7ef01333ea5225a.jpg,prod/16163055298410935-2-5bed1cad421530bb956.jpg,prod/16121890722780647-3-685d60e9b99a6b29b05.png,prod/16121890722780647-4-b82434b2efbbbaba3fa.png,office_prod/16163055298410935-officeImg-1eae7ae6ce239862c44.png,,,9108,,1,8101,白,,,,,T,M,EMD-8101,400,400,,,F,0,0,0,,,,,,F
EMD-8110,,,3,,16163055614790252,2021-03-21,2021-03-21,0,7716,1,20210625164024,admin,3,prod/16163055614790252-1-2e5193a7a1ea2a5aa25.jpg,prod/16163055614790252-2-387290e026a422f5347.jpg,prod/16121890722780647-3-685d60e9b99a6b29b05.png,prod/16121890722780647-4-b82434b2efbbbaba3fa.png,office_prod/16163055614790252-officeImg-8ee163965c752b4df31.png,,,7716,,1,8110,黑,,,,,T,M,EMD-8110,400,400,,,F,0,0,0,,,,,,F
EMD-8112,,,3,,16163055819010977,2021-03-21,2021-03-21,0,12758,1,20210625165548,admin,3,prod/16163055819010977-1-3a2b6bf8e7f7d2e60e0.jpg,prod/16163055819010977-2-1b837d750c5118ab62e.jpg,prod/16121890722780647-3-685d60e9b99a6b29b05.png,prod/16121890722780647-4-b82434b2efbbbaba3fa.png,office_prod/16163055819010977-officeImg-8ee163965c752b4df31.png,,,12758,,1,8112,黑,,,,,T,M,EMD-8112,400,400,,,F,0,0,0,,,,,,F
EMD-8132,,,3,,16163055986060786,2021-03-21,2021-03-21,0,1000,1,20210625171548,admin,3,prod/16163055986060786-1-23f2242e9621aec15f1.jpg,prod/16163055986060786-2-4787ee5efc12f29bcf8.jpg,prod/16121890722780647-3-685d60e9b99a6b29b05.png,prod/16121890722780647-4-b82434b2efbbbaba3fa.png,office_prod/16163055986060786-officeImg-8ee163965c752b4df31.png,,,1000,,1,8132,黑,,,,,T,M,EMD-8132,400,400,,,F,0,0,0,,,,,,F
EMD-8135,,,3,,16163056260430688,2021-03-21,2021-03-21,0,9746,1,20210625171719,admin,3,prod/16163056260430688-1-d36a5ed18a7c917a23d.jpg,prod/16163056260430688-2-59b4dd2723be50885dc.jpg,prod/16121890722780647-3-685d60e9b99a6b29b05.png,prod/16121890722780647-4-b82434b2efbbbaba3fa.png,office_prod/16163056260430688-officeImg-3d2b5a23dd4ceda5c57.png,,,9746,,1,8135,黃,,,,,T,M,EMD-8135,400,400,,,F,0,0,0,,,,,,F
EMD-8136,,,14,,16163056972680848,2021-03-21,2021-03-21,0,14927,1,20210628104623,admin,3,prod/16121890722780647-1-685d60e9b99a6b29b05.png,,prod/16121890722780647-3-685d60e9b99a6b29b05.png,prod/16121890722780647-4-b82434b2efbbbaba3fa.png,,,,14927,,1,8136,黃,,,,,T,M,EMD-8136,400,400,,,F,0,0,0,,,,,,F
ENE-5132,,,3,,16163057363880136,2021-03-21,2021-03-21,0,1000,1,20210627141626,admin,1,prod/16163057363880136-1-78774de493bd3a78566.jpg,prod/16163057363880136-2-0ffbfc4ae008384ea25.jpg,prod/16163057363880136-3-219ff0ebe170a7449ee.png,prod/16121890722780647-4-b82434b2efbbbaba3fa.png,office_prod/16163057363880136-officeImg-a364cead14c3a85d54d.png,,,1000,,1,5132,藍莓慕斯,,,,,T,M,ENE-5132,400,400,,,F,0,0,0,,,,,,F
ENU-0785,,,3,,16163057588640818,2021-03-21,2021-03-21,0,1000,1,20210627115950,admin,1,prod/16163057588640818-1-77ebe7062f7e2ff2d12.jpg,prod/16163057588640818-2-461a174635a6657379f.jpg,prod/16163057588640818-3-fa95080ea0fc7daba03.jpg,prod/16121890722780647-4-b82434b2efbbbaba3fa.png,office_prod/16163057588640818-officeImg-2eac65004d700792930.png,,,1000,,1,0785,芝麻灰,,,,,T,M,ENU-0785,400,400,,,F,0,0,0,,,,,,F
ENV-6085,,,3,,16163058448600179,2021-03-21,2021-03-21,0,2218,1,20210705160642,admin,2,prod/16163058448600179-1-0236a5067464326ec5a.jpg,prod/16163058448600179-2-b4f798791c2c3632edc.jpg,prod/16163058448600179-3-aa6667d9c8e5006a16b.jpg,prod/16121890722780647-4-b82434b2efbbbaba3fa.png,office_prod/16163058448600179-officeImg-fbcba06ad04f30cfe27.png,,,2218,,16,6085,寂光藍,,,,,T,M,ENV-6085,400,400,,,F,0,0,0,,,,,,F
ENV-6087,,,3,,16163058702480260,2021-03-21,2021-03-21,0,1003,1,20210627152942,admin,2,prod/16163058702480260-1-da15295523fa7b33be7.jpg,prod/16163058702480260-2-7f593c732ca5561520f.jpg,prod/16163058702480260-3-68c8977ffc3fde2e1cf.jpg,prod/16121890722780647-4-b82434b2efbbbaba3fa.png,office_prod/16163058702480260-officeImg-003b30d03c5f00bfec6.png,,,1003,,16,6087,深藍,,,,,T,M,ENV-6087,400,400,,,F,0,0,0,,,,,,F
EWD-8870,,,3,,16163058977980693,2021-03-21,2021-03-21,0,2071,1,20211206110658,admin,6,prod/16163058977980693-1-bd06fe6b03f98406962.jpg,prod/16163058977980693-2-4a64c54dfe6c30738b0.jpg,prod/16163058977980693-3-a9c34dbeeabf00526c5.png,prod/16121890722780647-4-b82434b2efbbbaba3fa.png,office_prod/16163058977980693-officeImg-cde1c1af194cbb923da.png,,,2071,,1,8870,芥末黃,20211206,,,,T,S,EWD-8870,400,400,,,F,0,0,0,,,,,,F
EWK-9610,,,3,,16163059643530502,2021-03-21,2021-03-21,0,12205,1,20210627145336,admin,6,prod/16163059643530502-1-108b0e64e8e049d72f0.jpg,prod/16163059643530502-2-8b1d9c4a582fcf67c13.jpg,prod/16163059643530502-3-a99b4209f9422e70ec7.jpg,prod/16121890722780647-4-b82434b2efbbbaba3fa.png,office_prod/16163059643530502-officeImg-11a581fb2e8373e9bf8.png,,,12205,,1,9610,海鹽白,,,,,T,M,EWK-9610,400,400,,,F,0,0,0,,,,,,F
MRN-5292,,,3,,16163059870030176,2021-03-21,2021-03-21,0,1001,1,20210625175450,admin,3,prod/16163059870030176-1-917a0af5f973a67de22.jpg,prod/16163059870030176-2-727704259357609895b.jpg,prod/16163059870030176-3-3cf1c309013ec8be2c4.jpg,prod/16121890722780647-4-b82434b2efbbbaba3fa.png,office_prod/16163059870030176-officeImg-8ee163965c752b4df31.png,,,1001,,1,5292,黑,,,,,T,M,MRN-5292,400,400,,,F,0,0,0,,,,,,F
EMD-6817,,,27,,16166614081300456,2018-02-01,2018-04-25,0,0,1,20230112155544,admin,3,prod/16166614081300456-1-6e5f25c60b702c44a65.jpg,prod/16166614081300456-2-c216fb267ebe447a954.jpg,,,office_prod/16166614081300456-officeImg-3bda4a9f23912382c98.png,,,0,16655609273130858,1,RHMGSBT10J0034593,黃色,20230112,,,,T,M,EMD-6817,400,400,,,F,0,0,0,,,,,,F
EMD-7167,GOGO,,40,,16167282756620031,2018-04-01,2018-05-03,0,60,1,20230112155603,admin,3,prod/16167282756620031-1-c1ff868993e51ea4629.jpg,prod/16167282756620031-2-90aceab7398f4c07367.jpg,prod/1-3-b97e8687cab27284658.png,prod/1-4-b9c504fa56a049919b5.png,office_prod/16167282756620031-officeImg-8188688530384c8fd8e.png,,,60,,1,RHMGSBT10J0044536,紅色,20230112,,,,T,M,EMD-7167,400,400,,,F,0,0,0,,,,,,F
EMD-8098,GOGO,,41,,16167285041710220,2018-04-01,2018-05-18,0,64,1,20230112155622,admin,3,prod/16167285041710220-1-ab1d2ac0a47b92e61b9.jpg,prod/16167285041710220-2-1f7437640f9ccf3549f.jpg,prod/1-3-b97e8687cab27284658.png,prod/1-4-b9c504fa56a049919b5.png,office_prod/16167285041710220-officeImg-0dff604e146e9e5ad49.png,,,64,,1,RHMGSBT10J0042871,藍色,20230112,,,,T,M,EMD-8098,400,400,,,F,0,0,0,,,,,,F
EMD-8133,GOGO,,27,,16167286944660870,2021-05-01,2018-05-28,0,61,1,20230112160036,admin,3,prod/16167286944660870-1-c8c185c1409c95d1ccf.jpg,prod/16167286944660870-2-9c81d261ebd1e763936.jpg,prod/1-3-b97e8687cab27284658.png,prod/1-4-b9c504fa56a049919b5.png,office_prod/16167286944660870-officeImg-3d2b5a23dd4ceda5c57.png,,,61,,1,RHMGSBT10J0046320,黃色,20230112,,,,T,M,EMD-8133,400,400,,,F,0,0,0,,,,,,F
EMD-8090,,,1,,16167311669740784,2018-03-01,2018-05-28,0,116561,1,20241218165237,admin,3,prod/16167311669740784-1-e5a874d1514676a4c4a.jpg,prod/16167311669740784-2-4d9829cedc45d171634.jpg,,,office_prod/16167311669740784-officeImg-3bda4a9f23912382c98.png,,,116561,,1,RHMGSBT10J0039983,橘色,20230529,,,,T,M,EMD-8090,400,400,,,F,3000,180,100000,20240201,,ok,20241218165237,,F
EMD-8099,,,1,,16167313599000635,2023-05-23,2023-05-24,1000,10,1,20231129220632,admin,3,prod/16167313599000635-1-f59e96f1e4812debf3c.jpg,prod/16167313599000635-2-d45f44655f1ce0282d2.jpg,,,office_prod/16167313599000635-officeImg-3d2b5a23dd4ceda5c57.png,,,10,,1,RHMGSBT10J0042887,黃色,20230529,,,,T,M,EMD-8099,400,400,,,F,500,20,7600,,,,,,F
EMD-6809,,,21,,16184520717040138,2018-02-01,2017-04-25,0,20002,1,20210924150035,admin,3,prod/16184520717040138-1-be8d3dc9075e48df7c8.jpg,prod/16184520717040138-2-1302a85e2baef950faf.jpg,,,office_prod/16184520717040138-officeImg-3bda4a9f23912382c98.png,,,20002,,1,100,橘,20210924,,,,T,M,EMD-6809,400,400,,,F,0,0,0,,,,,,F
EMD-6812,,,45,,16184522797870235,,,0,0,1,20231129220358,admin,3,prod/16184522797870235-1-907f563a9f3c9f2cc29.jpg,prod/16184522797870235-2-5b9169ddc323dacc17a.jpg,,,office_prod/16184522797870235-officeImg-3bda4a9f23912382c98.png,,,0,,1,101,橘,20240315,,,,F,M,EMD-6812,400,400,,31210017317,F,0,0,0,,,,,,F
EMD-6813,,,15,,16184524289900213,2018-02-01,2021-04-15,14633,150000,1,20210701111530,admin,3,prod/16184524289900213-1-3660beb73e639962621.jpg,prod/16184524289900213-2-2e030f91b61971f2727.jpg,,,office_prod/16184524289900213-officeImg-3bda4a9f23912382c98.png,,,150000,,1,102,橘,,,,,T,M,EMD-6813,400,400,,,F,0,0,0,,,,,,F
EMD-6818,,,15,,16184524762620761,2018-03-01,2021-04-15,0,14898,1,20210701111543,admin,3,prod/16184524762620761-1-ea38b9893aa1c7e1bcf.jpg,prod/16184524762620761-2-5e17df7f8339d824962.jpg,,,office_prod/16184524762620761-officeImg-0dff604e146e9e5ad49.png,,,14898,,1,103,藍,,24.136061666666667,120.68606166666666,20220701154500,T,M,EMD-6818,400,400,,,F,0,0,0,,,,,,F
EMD-6826,,,15,,16184525223990788,2018-03-01,2021-04-15,0,16020,1,20210701111600,admin,3,prod/16184525223990788-1-10e1cb6cabf3a97732f.jpg,prod/16184525223990788-2-ea59dfe1b941e331eb6.jpg,,,office_prod/16184525223990788-officeImg-0dff604e146e9e5ad49.png,,,16020,,1,104,藍,,,,,T,M,EMD-6826,400,400,,,F,0,0,0,,,,,,F
EMD-6827,,,15,,16184525754760426,2018-03-01,2021-04-15,0,15386,1,20210701111608,admin,3,prod/16184525754760426-1-c1a638b242159cc0363.jpg,prod/16184525754760426-2-196a0020022f73f48a1.jpg,,,office_prod/16184525754760426-officeImg-0dff604e146e9e5ad49.png,,,15386,,1,105,藍,,,,,T,M,EMD-6827,400,400,,,F,0,0,0,,,,,,F
EMD-6828,,,15,,16184526033100598,2018-03-01,2021-04-15,0,16289,1,20210701111616,admin,3,prod/16184526033100598-1-8538cba014331c006a7.jpg,prod/16184526033100598-2-3b68ace5bbed0a38e56.jpg,prod/16184526033100598-3-f945e74774a2b36fb58.jpg,prod/16184526033100598-4-f945e74774a2b36fb58.jpg,office_prod/16184526033100598-officeImg-3bda4a9f23912382c98.png,,,16289,,1,106,橘,20230117,,,,T,M,EMD-6828,400,400,,,F,0,0,0,,,,,,F
EMD-6831,,,44,,16184526299930124,2021-04-15,2021-04-15,0,0,1,20231129220529,admin,3,prod/16184526299930124-1-7456aa1da6b01ce9bd6.jpg,prod/16184526299930124-2-d57c819ae02336412a0.jpg,,,office_prod/16184526299930124-officeImg-3d2b5a23dd4ceda5c57.png,,,0,,1,EMD-6831,黃,20230529,,,,F,M,EMD-6831,400,400,,,F,0,0,0,,,,,,F
EMD-6835,,,15,,16184526566350380,2018-04-01,2021-04-15,0,9928,1,20210701111631,admin,3,prod/16184526566350380-1-3e2b954055c8e452e66.jpg,prod/16184526566350380-2-4d82c4bb28e2cc43c04.jpg,,,office_prod/16184526566350380-officeImg-3d2b5a23dd4ceda5c57.png,,,9928,,1,107,黃,,,,,T,M,EMD-6835,400,400,,,F,0,0,0,,,,,,F
EMD-6836,,,15,,16184527133390407,2018-04-01,2021-04-15,0,8716,1,20210701111643,admin,3,prod/16184527133390407-1-9c57960fe9d67bffaf0.jpg,prod/16184527133390407-2-c21b82c5db2466c57ed.jpg,,,office_prod/16184527133390407-officeImg-3d2b5a23dd4ceda5c57.png,,,8716,,1,108,黃,,,,,T,M,EMD-6836,400,400,,,F,0,0,0,,,,,,F
EMD-6838,,,15,,16184527696070178,2018-04-01,2021-04-15,0,20101,1,20210701111721,admin,3,prod/16184527696070178-1-78b5ac25168814c4693.jpg,prod/16184527696070178-2-1cc2074939efcaa6953.jpg,,,office_prod/16184527696070178-officeImg-3d2b5a23dd4ceda5c57.png,,,20101,,1,110,黃,,25.06301,121.52416166666667,20210922144500,T,M,EMD-6838,400,400,,,F,0,0,0,,,,,,F
EMD-6839,,,14,,16184527910440315,2021-04-15,2021-04-15,0,8715,1,20210625151816,admin,3,prod/16184527910440315-1-629e0c5723ec8188d0e.jpg,prod/16184527910440315-2-16890891315e976a14d.jpg,,,office_prod/16184527910440315-officeImg-0dff604e146e9e5ad49.png,,,8715,,30,111,藍,,,,,T,M,EMD-6839,400,400,,,F,0,0,0,,,,,,F
EMD-7158,,,15,,16184528103370022,2018-04-01,2021-04-15,0,18102,0,20210915105121,zochakeelung71,3,prod/16184528103370022-1-f5aeca8f54728d32402.jpg,prod/16184528103370022-2-765ec6bd6713cd8aa53.jpg,,,office_prod/16184528103370022-officeImg-8ee163965c752b4df31.png,,,18102,,1,112,黑,20210915,,,,T,M,EMD-7158,400,400,,,F,0,0,0,,,,,,F
EMD-7159,,,15,,16184529855520396,2018-04-01,2021-04-15,0,17003,1,20210701111737,admin,3,prod/16184529855520396-1-93b997fc7eb348a47b2.jpg,prod/16184529855520396-2-5d4990caa5a18488ae1.jpg,,,office_prod/16184529855520396-officeImg-1eae7ae6ce239862c44.png,,,17003,16236379649580010,1,113,白,,,,,T,M,EMD-7159,400,400,,,F,0,0,0,,,,,,F
EMD-7173,,,15,,16184530066880243,2018-04-01,2021-04-15,0,999999,1,20210701111746,admin,3,prod/16184530066880243-1-7ec6a6b131170077b9f.jpg,prod/16184530066880243-2-99509caca64cee3baf6.jpg,,,office_prod/16184530066880243-officeImg-8188688530384c8fd8e.png,,,999999,,1,114,紅,,25.043556666666667,121.50571,20230117100500,T,M,EMD-7173,400,400,,,F,0,0,0,,,,,,F
EMD-7179,,,22,,16184530282810316,2021-04-15,2021-04-15,0,0,1,20230112155935,admin,3,prod/16184530282810316-1-56a237a7ed604b948ab.jpg,prod/16184530282810316-2-b405a823f6afed41642.jpg,prod/16184530282810316-3-2ace7e0ddc324f941d9.JPG,prod/16184530282810316-4-2ace7e0ddc324f941d9.JPG,office_prod/16184530282810316-officeImg-8188688530384c8fd8e.png,,,0,16638155899560628,1,115,紅,20211202,,,,T,M,EMD-7179,400,400,,,F,0,0,0,,,,,,F
EMD-8103,,,15,,16184530519270113,2018-04-01,2021-04-15,0,15765,1,20210701111754,admin,3,prod/16184530519270113-1-bdb12877444c6ac7388.jpg,prod/16184530519270113-2-3ed67579b7c8724408d.jpg,,,office_prod/16184530519270113-officeImg-1eae7ae6ce239862c44.png,,,15765,,1,116,白,,,,,T,M,EMD-8103,400,400,,,F,0,0,0,,,,,,F
EMD-8105,,,15,,16184530838180336,2018-04-01,2021-04-15,0,20002,1,20210701111800,admin,3,prod/16184530838180336-1-ffba7d8dfee5fae69c8.jpg,prod/16184530838180336-2-e63a25b485236d3a7f5.jpg,,,office_prod/16184530838180336-officeImg-1eae7ae6ce239862c44.png,,,20002,,1,117,白,,25.046841666666666,121.51336166666667,20220617164000,T,M,EMD-8105,400,400,,,F,0,0,0,,,,,,F
EMD-8106,,,1,,16184530995730998,2021-04-15,2021-04-15,0,15344,1,20241218165228,admin,3,prod/16184530995730998-1-7766854b929113040ac.jpg,prod/16184530995730998-2-1f422e1cf6278226dea.jpg,,,office_prod/16184530995730998-officeImg-1eae7ae6ce239862c44.png,,,15344,,1,118,白,20230529,,,,T,M,EMD-8106,400,400,,,F,0,0,0,,,ok,20241218165228,,F
EMD-8109,,,15,,16184531223650099,2018-04-01,2021-04-15,0,17003,1,20210701111808,admin,3,prod/16184531223650099-1-9f5860710775272ee7b.jpg,prod/16184531223650099-2-8c60c2ad48a9050cb31.jpg,,,office_prod/16184531223650099-officeImg-8188688530384c8fd8e.png,,,17003,,1,119,紅,,,,,T,M,EMD-8109,400,400,,,F,0,0,0,,,,,,F
EMD-8113,,,15,,16184531455920570,2018-04-01,2021-04-15,0,14687,1,20210701111816,admin,3,prod/16184531455920570-1-1c6d47969671beabe82.jpg,prod/16184531455920570-2-a15eaebbbec7c8f0137.jpg,,,office_prod/16184531455920570-officeImg-8188688530384c8fd8e.png,,,14687,,1,120,紅,,,,,T,M,EMD-8113,400,400,,,F,0,0,0,,,,,,F
EMD-8117,,,1,,16184535661730907,2021-04-15,2021-04-15,0,16553,1,20241218165217,admin,3,prod/16184535661730907-1-45208aea4b2dc6744bb.jpg,prod/16184535661730907-2-45fe8ccad602e203615.jpg,,,office_prod/16184535661730907-officeImg-8ee163965c752b4df31.png,,,16553,,1,121,黑,20230529,,,,T,M,EMD-8117,400,400,,,F,0,0,0,,,ok,20241218165217,,F
EMD-8120,,,15,,16184536087570081,2018-04-01,2021-04-15,0,11462,1,20210701111838,admin,3,prod/16184536087570081-1-3ae8f138786b1e708c7.jpg,prod/16184536087570081-2-5e2317c2d29eb032520.jpg,,,office_prod/16184536087570081-officeImg-8188688530384c8fd8e.png,,,11462,,1,122,紅,,,,,T,M,EMD-8120,400,400,,,F,0,0,0,,,,,,F
EMD-8128,,,15,,16184536317630481,2018-05-01,2021-04-15,0,19106,1,20210701111853,admin,3,prod/16184536317630481-1-ad5b2813d6f3e2826d3.jpg,prod/16184536317630481-2-e435ca88bddd1b2b5a5.jpg,,,office_prod/16184536317630481-officeImg-8ee163965c752b4df31.png,,,19106,,1,123,黑,,,,,T,M,EMD-8128,400,400,01,,F,0,0,0,,,,,,F
EMD-8129,,,15,,16184536479620092,2018-05-01,2021-04-15,0,16012,1,20210701111906,admin,3,prod/16184536479620092-1-1a3123420c3c50909e5.jpg,prod/16184536479620092-2-ea33dcbbd2eaeaf19f4.jpg,prod/16184536479620092-3-466292a6c2c0c336244.jpg,prod/16184536479620092-4-466292a6c2c0c336244.jpg,office_prod/16184536479620092-officeImg-8ee163965c752b4df31.png,,,16012,,1,124,黑,,,,,T,M,EMD-8129,400,400,01,,F,0,0,0,,,,,,F
ENT-3729,,,1,,16184537047800720,2021-04-15,2021-04-15,10000,4250,1,20211206110916,admin,6,prod/16184537047800720-1-80c1e382507d98d1e3b.jpg,prod/16184537047800720-2-8a381f6d103fa85b8b7.jpg,prod/16184537047800720-3-9ab37788c1514030059.png,,office_prod/16184537047800720-officeImg-8188688530384c8fd8e.png,,,4250,17465025436000293,1,125,紅,20211206,,,,T,M,ENT-3729,400,400,,,F,500,20,3700,,,,,,F
ENE-2808,,,15,,16184538438760351,2019-04-01,2021-04-15,0,5002,1,20210701111922,admin,1,prod/16184538438760351-1-c9fe3918167d4b6733d.jpg,prod/16184538438760351-2-1cbeb1d04f55ff8ff34.jpg,prod/16184538438760351-3-b7d13db7679b01e4086.png,,office_prod/16184538438760351-officeImg-d4059a113371b49fe78.png,,,5002,,1,126,紅,,,,,T,M,ENE-2808,400,400,02,,F,0,0,0,,,,,,F
EWK-6375,,,15,,16184538683320581,2021-04-15,2021-04-15,0,744,1,20230206125450,admin,3,prod/16184538683320581-1-5a13ad7f1652ac4e07a.jpg,prod/16184538683320581-2-73cb1b4f3180d7fa834.jpg,prod/16184538683320581-3-f95066975a7b011275e.jpg,,office_prod/16184538683320581-officeImg-11a581fb2e8373e9bf8.png,,,744,,15,127,白,20211206,,,,T,S,EWK-6375,400,400,,,F,0,0,0,,,,,,F
ENC-2252,,,15,,16184539824920736,2019-03-01,2021-04-15,0,3644,1,20210701111943,admin,9,prod/16184539824920736-1-62a079454501b63618a.jpg,prod/16184539824920736-2-542800aa41b0c354cbe.jpg,prod/16184539824920736-3-2ed4e759b0f527be472.jpg,,office_prod/16184539824920736-officeImg-878b2811d376ce4242a.png,,,3644,,1,128,銀,,,,,T,M,ENC-2252,400,400,,,F,0,0,0,,,,,,F
ENC-9358,,,15,,16184540058020082,2019-03-01,2021-04-15,0,4851,1,20210701111959,admin,9,prod/16184540058020082-1-2ff7e90fa9c1a7d56ed.jpg,prod/16184540058020082-2-d2d586204633df5585e.jpg,prod/16184540058020082-3-b9eca222c2d68967ef5.jpg,,office_prod/16184540058020082-officeImg-878b2811d376ce4242a.png,,,4851,,1,129,銀,,,,,T,M,ENC-9358,400,400,,,F,0,0,0,,,,,,F
EWK-6376,,,37,,16186313188420516,2019-02-09,2021-03-31,0,755,1,20241201165705,admin,3,prod/16186313188420516-1-371681b93d389afe7a1.jpg,,prod/16186313188420516-3-2b0e87c491ce6962a5b.png,,office_prod/16186313188420516-officeImg-11a581fb2e8373e9bf8.png,,,755,,1,RHMGSFT10K0P00141,淺灰,20211206,,,,T,S,EWK-6376,400,400,,,T,0,0,0,20240103,," ",20241201165705,ECO,F
EMS-3121,,,1,,16186315255360949,2021-04-17,2021-03-31,5322,5920,1,20241218165209,admin,3,prod/16186315255360949-1-9523cfb52f9c3d65814.jpg,prod/16186315255360949-2-28611761665700c31ce.jpg,prod/16186315255360949-3-d9d2dddf7e9920e373d.jpg,,office_prod/16186315255360949-officeImg-0dff604e146e9e5ad49.png,,,5920,,1,RHMGSBT10J0069065,藍,20230529,,,,T,M,EMS-3121,400,400,,,F,0,0,0,,,ok,20241218165209,,F
ENU-0666,,,1,,16186316854890706,2019-09-01,2021-03-31,1949,2150,1,20241218165148,admin,3,prod/16186316854890706-1-1118efaa55dc23501f7.jpg,prod/16186316854890706-2-3940411081eb0a8a2e2.jpg,prod/16186316854890706-3-d55e7e5c856ecaadd17.jpg,,office_prod/16186316854890706-officeImg-0dff604e146e9e5ad49.png,,,2150,,1,RHMGSBT10K0172379,藍,20230529,,,,T,M,ENU-0666,400,400,,,F,0,0,0,,,okk,20241218165148,,F
ENV-6092,,,4,,16186318762810020,2020-03-01,2020-12-25,0,0,0,20250313121449,admin,2,prod/16186318762810020-1-73dd6401a8d989ccc0c.jpg,prod/16186318762810020-2-8ea35c6294220ce9b4b.jpg,prod/16186318762810020-3-73bb406d77d1afc5c5d.jpg,,office_prod/16186318762810020-officeImg-fbcba06ad04f30cfe27.png,,,0,,1,RHMYSBT10L0001082,藍深灰,20230529,,,,F,M,ENV-6092,400,400,,91882023123,T,0,0,0,,,test,20250313121400,ECO,F
EMS-1056,,,1,,16186320996670289,2021-04-17,2021-03-31,3067,3563,1,20241218165459,admin,3,prod/16186320996670289-1-29dcec6515adba0f8cd.jpg,prod/16186320996670289-2-3a162dbe642f908444b.jpg,prod/16186320996670289-3-4b46280d15fbd15dcb5.jpg,,office_prod/16186320996670289-officeImg-0dff604e146e9e5ad49.png,,,3563,,1,RHMGSBT10J0069066,藍,20230529,,,,T,M,EMS-1056,400,400,,,F,0,0,0,,,admin,20241218165459,,F
ENV-6090,,,14,,16197040349500367,2020-03-01,2020-12-14,0,2010,1,20210705160810,admin,2,prod/16197040349500367-1-1d8672bd677ffe50203.jpg,prod/16197040349500367-2-f14d249cdc9c3629e3c.jpg,prod/16197040349500367-3-edd973709b4ec766bd8.jpg,,office_prod/16197040349500367-officeImg-fbcba06ad04f30cfe27.png,,,2010,,15,RHMYSBT10L0001346,寂光藍,,,,,T,M,ENV-6090,400,400,,,F,0,0,0,,,,,,F
ENC-2203,,,14,,16198007159470538,2019-03-01,2021-04-07,957,1000,1,20210627173539,admin,9,prod/16198007159470538-1-e77785739570b9cb5c2.jpg,prod/16198007159470538-2-0e60cef3d7c5b2a1c8d.jpg,prod/16198007159470538-3-a37478357744a355d47.jpg,,office_prod/16198007159470538-officeImg-878b2811d376ce4242a.png,,,1000,,30,RHMGSBT10K0115240,銀,,,,,T,M,ENC-2203,400,400,,,F,0,0,0,,,,,,F
EMD-6820,,,1,,16200296401250967,2021-05-03,2021-05-03,9,9607,1,20241218165507,admin,3,prod/16200296401250967-1-3d4ab8835122d7aefd6.jpg,prod/16200296401250967-2-5b8c4e116fedd02a27c.jpg,,,office_prod/16200296401250967-officeImg-0dff604e146e9e5ad49.png,,,9607,,1,12e,綠,20230529,,,,T,M,EMD-6820,400,400,,,F,0,0,0,,,admin,20241218165507,,F
ENT-3279,,,1,,16200297486130286,2021-05-03,2021-05-03,10000,4200,1,20241218165116,admin,3,prod/16200297486130286-1-80c1e382507d98d1e3b.jpg,prod/16200297486130286-2-8a381f6d103fa85b8b7.jpg,,,office_prod/16200297486130286-officeImg-8188688530384c8fd8e.png,,,4200,,1,12313,顏色,,,,,T,M,ENT-3279,400,400,,,F,0,0,0,,,okk,20241218165116,,F
EMU-7975,,,1,,16200304679160932,2021-05-03,2021-05-03,630,10000002,1,20241218165518,admin,1,prod/16200304679160932-1-8937c30bae36f747140.jpg,prod/16200304679160932-2-d49a4a8ac52a631f153.jpg,prod/16200304679160932-3-de7baed91d0bd2dbf2b.png,prod/16200304679160932-4-d4059a113371b49fe78.png,office_prod/16200304679160932-officeImg-d4059a113371b49fe78.png,,,10000002,,1,12312,藍,20230103,,,,T,M,EMU-7975,630,630,,,F,0,0,0,,,admin,20241218165518,,F
EMU-7965,,,1,,16200305309060968,2021-05-03,2021-05-03,0,1579,1,20241218165526,admin,1,prod/16200305309060968-1-5c9d69ecc964f0f0cd4.jpg,prod/16200305309060968-2-6f76818d06b5b6ad2f6.jpg,prod/16200305309060968-3-4ad11841ed5230b6b17.png,,office_prod/16200305309060968-officeImg-d4059a113371b49fe78.png,,,1579,,1,123123,藍,20230529,,,,T,M,EMU-7965,400,400,,,F,0,0,0,,,admin,20241218165526,,F
EMN-0732,,,1,,16200306391540317,2021-05-03,2021-05-03,0,4,1,20241218165533,admin,9,prod/16200306391540317-1-c7674dafeb533b586df.jpg,prod/16200306391540317-2-8eb9dab0397bb62ed5d.jpg,prod/16200306391540317-3-759de88356d94fe426a.png,prod/16200306391540317-4-759de88356d94fe426a.png,office_prod/16200306391540317-officeImg-878b2811d376ce4242a.png,,,4,,1,RHMGSBT10K115247,褐色,20230529,,,,T,M,EMN-0732,400,400,,,F,0,0,0,,,admin,20241218165533,,F
EMN-0737,,,15,,16202882723600447,2019-03-01,2021-05-06,1,2252,1,20210701112012,admin,9,prod/16202882723600447-1-dd3428e40a7ef9c09b2.jpg,prod/16202882723600447-2-6e503a0d1f54f6cdaac.jpg,prod/16202882723600447-3-765d2bfd996e103b4ff.png,,office_prod/16202882723600447-officeImg-878b2811d376ce4242a.png,,,2252,,1,555,銀色,20221111,,,,T,M,EMN-0737,400,400,,,F,0,0,0,,,,,,F
EMU-7973,,,15,,16202882995940451,2019-04-01,2021-05-06,1,7937,1,20210816115052,admin,1,prod/16202882995940451-1-12d1bf4c3836e4be50e.jpg,prod/16202882995940451-2-4231ab904e12538f73b.jpg,prod/16202882995940451-3-0a278c74e48ceca2cc9.png,,office_prod/16202882995940451-officeImg-d4059a113371b49fe78.png,,,7937,,1,556,銀,20210816,,,,T,M,EMU-7973,400,400,,,F,0,0,0,,,,,,F
EMD-8092,,,15,,16203773885110534,2018-03-01,2021-05-07,1,11,1,20210701112113,admin,3,prod/16203773885110534-1-9a6060b14a3a85e602f.jpg,prod/16203773885110534-2-28955df29de6bea1180.jpg,,,office_prod/16203773885110534-officeImg-0dff604e146e9e5ad49.png,,,11,,1,505,藍色,,24.178846666666665,120.62232666666667,20220822102500,T,M,EMD-8092,400,400,,,F,0,0,0,,,,,,F
EMJ-8522,,,14,,16204400473140052,2021-03-01,2021-04-06,1,2756,1,20210627153658,admin,7,prod/16204400473140052-1-432bd35d26902110443.jpg,prod/16204400473140052-2-ecdee05a95aae3b358a.jpg,prod/16204400473140052-3-ca5a32cb32af782550e.jpg,,office_prod/16204400473140052-officeImg-0dff604e146e9e5ad49.png,,,2756,,30,RHMGSJT10M0005328,深藍,,,,,T,M,EMJ-8522,400,400,,,F,0,0,0,,,,,,F
ENC-2781,,,14,,16204404521560900,2019-04-01,2019-05-08,1,4248,1,20210702135301,admin,1,prod/16204404521560900-1-3547ed037c268c68da5.jpg,prod/16204404521560900-2-7552ecac3382f9f00ed.jpg,prod/16204404521560900-3-9502d7cd7556b5be36b.jpg,,office_prod/16204404521560900-officeImg-d4059a113371b49fe78.png,,,4248,,30,RHMGSPT10K0000297,漿果紅,,,,,T,M,ENC-2781,400,400,,,F,0,0,0,,,,,,F
EWF-6707,,,14,,16204406553990915,2019-12-01,2021-04-13,125,256,1,20210627175414,admin,6,prod/16204406553990915-1-674d192f4b069ba4780.jpg,prod/16204406553990915-2-4fbac8b1259d4fc8648.jpg,prod/16204406553990915-3-29abf4aec0273d032c3.png,,office_prod/16204406553990915-officeImg-cde1c1af194cbb923da.png,,,256,,30,RHMGSFT10K0014340,橙黃,,,,,T,M,EWF-6707,400,400,,,F,0,0,0,,,,,,F
EWL-6023,,,14,,16204409309810372,2019-09-01,2021-03-29,1,939,1,20210627145659,admin,6,prod/16204409309810372-1-75ef0da4d9058d95db5.jpg,prod/16204409309810372-2-cd1c2b0346ec99b5882.jpg,prod/16204409309810372-3-75ef0da4d9058d95db5.jpg,,office_prod/16204409309810372-officeImg-cde1c1af194cbb923da.png,,,939,,30,RHMGSFT10K0P00293,橙紅,,,,,T,M,EWL-6023,400,400,,,F,0,0,0,,,,,,F
EWF-8175,,,14,,16204416925930363,2019-09-01,2021-04-27,476,476,1,20210627152103,admin,6,prod/16204416925930363-1-c9a6fb6a6f7d7d33416.jpg,prod/16204416925930363-2-47510e18624139c4711.jpg,prod/16204416925930363-3-343b4d7d708d9352b2a.png,,office_prod/16204416925930363-officeImg-e70e152104a8bd699d3.png,,,476,,30,RHMGSFT10K0P00330,薄荷藍,,,,,T,M,EWF-8175,400,400,,,F,0,0,0,,,,,,F
EWF-2523,,,14,,16204487013470429,2019-09-01,2021-04-27,975,975,1,20210627151846,admin,6,prod/16204487013470429-1-9dd89bb6cc04cf23444.jpg,prod/16204487013470429-2-3c5d0cfcfe3dc2103e1.jpg,prod/16204487013470429-3-b600158f39ecab1318d.png,,office_prod/16204487013470429-officeImg-cbf4d0dc53dd168b490.png,,,975,,30,RHMGSFT10K0P00267,野莓藍,,,,,T,M,EWF-2523,400,400,,,F,0,0,0,,,,,,F
EWH-6369,,,14,,16204489978660156,2019-09-01,2020-11-23,1945,1945,1,20210627130307,admin,6,prod/16204489978660156-1-2d9033a2405ce9da262.jpg,,prod/16204489978660156-3-aeb903bfdbe57148a64.png,,office_prod/16204489978660156-officeImg-11a581fb2e8373e9bf8.png,,,1945,,30,RHMGSFT10K0P00151,淺灰,,,,,T,M,EWH-6369,400,400,,,F,0,0,0,,,,,,F
EWT-5916,,,14,,16204491914810189,2020-02-01,2020-12-29,539,539,1,20210627144457,admin,6,prod/16204491914810189-1-0107b688cb439fa1dc4.jpg,prod/16204491914810189-2-631e1363041e9dd01e4.jpg,prod/16204491914810189-3-94ad0a743b6eaf6dfca.jpg,,office_prod/16204491914810189-officeImg-11a581fb2e8373e9bf8.png,,,539,,30,RHMGSFT10L0003880,淺灰,,,,,T,M,EWT-5916,400,400,,,F,0,0,0,,,,,,F
EWK-9228,,,14,,16204492926460232,2020-02-01,2020-12-29,3636,3636,1,20210627142146,admin,6,prod/16204492926460232-1-b3691d73db0844eb245.jpg,prod/16204492926460232-2-948f87a6193d06d5a94.jpg,prod/16204492926460232-3-5e8a64acbea6b91cb0b.jpg,,office_prod/16204492926460232-officeImg-e70e152104a8bd699d3.png,,,3636,,30,RHMGSFT10L0004814,藍灰,,,,,T,M,EWK-9228,400,400,,,F,0,0,0,,,,,,F
EMD-6815,,,14,,16204512272070197,2018-02-01,2019-09-06,7714,7715,1,20210625132257,admin,3,prod/16204512272070197-1-e02a8049f6e0fbee6dd.jpg,prod/16204512272070197-2-2f4da04150a4bf3c531.jpg,,,office_prod/16204512272070197-officeImg-3bda4a9f23912382c98.png,,,7715,,30,RHMGSBT10J0034575,橘,,,,,T,M,EMD-6815,400,400,01,,F,0,0,0,,,,,,F
EMD-6821,,,14,,16204537863140182,2018-03-01,2019-09-06,9492,9492,1,20210625132740,admin,3,prod/16204537863140182-1-7fc5154ecbd5c5414a8.jpg,prod/16204537863140182-2-b75afb3dc8f30518f01.jpg,,,office_prod/16204537863140182-officeImg-0dff604e146e9e5ad49.png,,,9492,,30,RHMGSBT10J0038738,藍,,,,,T,M,EMD-6821,400,400,,,F,0,0,0,,,,,,F
EMD-8125,,,14,,16204538805440325,2018-04-01,2019-09-06,11529,11529,1,20210625170548,admin,3,prod/16204538805440325-1-5417840d7cf7a79dea6.jpg,prod/16204538805440325-2-34a8c9ab39556b6f47a.jpg,,,office_prod/16204538805440325-officeImg-8188688530384c8fd8e.png,,,11529,,30,RHMGSBT10J0045491,紅,,,,,T,M,EMD-8125,400,400,,,F,0,0,0,,,,,,F
EMD-8077,,,14,,16204540249960896,2018-02-01,2019-09-06,4920,4920,1,20210625155414,admin,3,prod/16204540249960896-1-29c6f3407fda0c0ec6c.jpg,prod/16204540249960896-2-c445361d029b095b999.jpg,,,office_prod/16204540249960896-officeImg-3bda4a9f23912382c98.png,,,4920,,30,RHMGSBT10J0034329,橘,,,,,T,M,EMD-8077,400,400,,,F,0,0,0,,,,,,F
EMD-8131,,,14,,16204541941230843,2018-05-01,2019-09-06,6356,6357,1,20210625171506,admin,3,prod/16204541941230843-1-b5fd8b961defe1f8abd.jpg,prod/16204541941230843-2-1d2716dd6113c59ac50.jpg,,,office_prod/16204541941230843-officeImg-8ee163965c752b4df31.png,,,6357,,30,RHMGSBT10J0046125,黑,,120.21315666666666,22.999611666666667,20210828153000,T,M,EMD-8131,400,400,,,F,0,0,0,,,,,,F
EMD-8097,,,14,,16204542817400027,2018-04-01,2019-09-06,4713,4713,1,20210625161057,admin,3,prod/16204542817400027-1-f1790e2ab61c3daa26a.jpg,prod/16204542817400027-2-e8a3ccf3b8af49b5897.jpg,,,office_prod/16204542817400027-officeImg-3d2b5a23dd4ceda5c57.png,,,4713,,30,RHMGSBT10J0042743,黃,,,,,T,M,EMD-8097,400,400,,,F,0,0,0,,,,,,F
EMD-8116,,,14,,16204543559040060,2018-04-01,2019-12-05,12526,12526,1,20210625165726,admin,3,prod/16204543559040060-1-7563f9197c9115797b0.jpg,prod/16204543559040060-2-1250652aba2c11433f8.jpg,,,office_prod/16204543559040060-officeImg-1eae7ae6ce239862c44.png,,,12526,,30,RHMGSBT10J0045269,白,,,,,T,M,EMD-8116,400,400,,,F,0,0,0,,,,,,F
EMD-6822,GOGO,,15,,16204547941660631,2018-03-01,2019-09-06,14380,14381,1,20221227100443,admin,3,prod/16204547941660631-1-51934dbc14822b5c042.jpg,prod/16204547941660631-2-c8df4762f6bc032b596.jpg,prod/1-3-b97e8687cab27284658.png,prod/1-4-b9c504fa56a049919b5.png,office_prod/16204547941660631-officeImg-0dff604e146e9e5ad49.png,,,14381,,30,RHMGSBT10J0038739,藍,20221227,,,,T,M,EMD-6822,400,400,,,F,0,0,0,,,,,,F
EMD-6810,GOGO,,14,,16204550100040441,2018-02-01,2019-09-06,6795,16897,1,20210625132030,admin,3,prod/16204550100040441-1-86c96a053e42b103e2a.jpg,prod/16204550100040441-2-a77c38a28b8f43227c2.jpg,prod/1-3-b97e8687cab27284658.png,prod/1-4-b9c504fa56a049919b5.png,office_prod/16204550100040441-officeImg-3bda4a9f23912382c98.png,,,16897,,30,RHMGSBT10J0034558,橘,,,,,T,M,EMD-6810,400,400,,,F,0,0,0,,,,,,F
ENV-6361,GOGO,,14,,16204553000030857,2018-04-01,2019-09-06,7178,7180,1,20210625125541,admin,3,prod/16204553000030857-1-9212ddd81167071075b.jpg,prod/16204553000030857-2-c0b7dc96514ebca1239.jpg,prod/1-3-b97e8687cab27284658.png,prod/1-4-b9c504fa56a049919b5.png,office_prod/16204553000030857-officeImg-8ee163965c752b4df31.png,,,7180,,30,RHMGSBT10J0043765,黑,,,,,T,M,ENV-6361,400,400,,,F,0,0,0,,,,,,F
EMD-8123,GOGO,,14,,16204562870780938,2018-04-01,2019-09-06,11488,11488,1,20210625170427,admin,3,prod/16204562870780938-1-38e691ccff4d490695c.jpg,prod/16204562870780938-2-27aaf5c4ae970142806.jpg,prod/1-3-b97e8687cab27284658.png,prod/1-4-b9c504fa56a049919b5.png,office_prod/16204562870780938-officeImg-8188688530384c8fd8e.png,,,11488,,30,RHMGSBT10J0045421,紅,,,,,T,M,EMD-8123,400,400,,,F,0,0,0,,,,,,F
EMD-8130,GOGO,,14,,16204563479960741,2018-05-01,2019-09-06,9663,9664,1,20210625171229,admin,3,prod/16204563479960741-1-6dda51d681d3c471ca1.jpg,prod/16204563479960741-2-e4512f5f338a192cba9.jpg,prod/16204563479960741-3-2ace7e0ddc324f941d9.JPG,prod/16204563479960741-4-2ace7e0ddc324f941d9.JPG,office_prod/16204563479960741-officeImg-8ee163965c752b4df31.png,,,9664,,30,RHMGSBT10J0046124,黑,,,,,T,M,EMD-8130,400,400,,,F,0,0,0,,,,,,F
EMD-8078,,,14,,16204564774840476,2018-02-01,2019-09-06,10990,0,1,20210625155611,admin,3,prod/16204564774840476-1-8e57a0100e98027638e.jpg,prod/16204564774840476-2-b98c5c292b3691f9b71.jpg,,,office_prod/16204564774840476-officeImg-3bda4a9f23912382c98.png,,,0,,30,RHMGSBT10J0034502,橘,20230602,,,,T,M,EMD-8078,400,400,,31210018150,T,0,0,0,,,,,,F
EMD-7169,,,14,,16204565563990656,2018-04-01,2019-09-06,6848,6848,1,20210625123511,admin,3,prod/16204565563990656-1-456e9fe94f34749c269.jpg,prod/16204565563990656-2-2beaa88a56025c63fca.jpg,,,office_prod/16204565563990656-officeImg-8188688530384c8fd8e.png,,,6848,,30,RHMGSBT10J0044537,紅,,,,,T,M,EMD-7169,400,400,,,F,0,0,0,,,,,,F
EMD-8127,GOGO,,14,,16204566726030960,2018-05-01,2019-09-06,11184,11184,1,20210625170637,admin,3,prod/16204566726030960-1-d32b05149716f84f310.jpg,prod/16204566726030960-2-de84408f67346f4417b.jpg,prod/1-3-b97e8687cab27284658.png,prod/1-4-b9c504fa56a049919b5.png,office_prod/16204566726030960-officeImg-8ee163965c752b4df31.png,,,11184,,30,RHMGSBT10J0046119,黑,,,,,T,M,EMD-8127,400,400,,,F,0,0,0,,,,,,F
EMD-8079,GOGO,,14,,16204567884190248,2018-03-01,2020-08-06,10787,10788,1,20210625155653,admin,3,prod/16204567884190248-1-81b8f3e8320563ada6a.jpg,prod/16204567884190248-2-3a11e464421e391bc94.jpg,prod/1-3-b97e8687cab27284658.png,prod/1-4-b9c504fa56a049919b5.png,office_prod/16204567884190248-officeImg-0dff604e146e9e5ad49.png,,,10788,,30,RHMGSBT10J0038745,藍,,,,,T,M,EMD-8079,400,400,,,F,0,0,0,,,,,,F
EMD-6807,GOGO,,14,,16204568516380807,2018-02-01,2019-09-06,7034,7036,1,20210625131431,admin,3,prod/16204568516380807-1-213433a7380226dbe84.jpg,prod/16204568516380807-2-bb510951e1d725f4dcf.jpg,prod/1-3-b97e8687cab27284658.png,prod/1-4-b9c504fa56a049919b5.png,office_prod/16204568516380807-officeImg-3bda4a9f23912382c98.png,,,7036,,30,RHMGSBT10J0034433,橘,,120.21301666666666,22.99974,20210806100000,T,M,EMD-6807,400,400,,,F,0,0,0,,,,,,F
ENV-2196,GOGO,,14,,16204569361850954,2019-10-01,2021-03-31,268,268,1,20210625180314,admin,3,prod/16204569361850954-1-7854c5e2544fe54ddb4.jpg,prod/16204569361850954-2-3d2a4772e7f105bea6b.jpg,prod/16204569361850954-3-0e98ec681548b4a8077.jpg,prod/1-4-b9c504fa56a049919b5.png,office_prod/16204569361850954-officeImg-3d2b5a23dd4ceda5c57.png,,,268,,30,RHMGSBT10K0189500,黃,20241127,,,,T,M,ENV-2196,400,400,,3387583466,F,0,0,0,,,,,PURISM,F
EWD-8071,GOGO,,14,,16204571901780293,2019-10-01,2020-12-29,5451,5451,1,20210627141030,admin,6,prod/16204571901780293-1-ff0189d09a3d6716654.jpg,prod/16204571901780293-2-20cca70b7edd26f6f8d.jpg,prod/16204571901780293-3-ab503d0caaf62aa7536.jpg,prod/1-4-b9c504fa56a049919b5.png,office_prod/16204571901780293-officeImg-11a581fb2e8373e9bf8.png,,,5451,,30,RHMGSBT10K0004079,白,,,,,T,M,EWD-8071,400,400,,,F,0,0,0,,,,,,F
EMT-9328,,,15,,16207827145400415,2019-03-01,2021-05-12,1,3,1,20210701112054,admin,9,prod/16207827145400415-1-b27b882d045e51d76e2.jpg,prod/16207827145400415-2-adf17f006dc4b6f5574.jpg,prod/16207827145400415-3-3951e5c5165abd2885c.png,,office_prod/16207827145400415-officeImg-878b2811d376ce4242a.png,,,3,,1,551,銀色,,,,,T,M,EMT-9328,400,400,,,F,0,0,0,,,,,,F
ENC-0693,,,3,,16208968888570924,2021-05-13,2021-05-13,0,871,1,20210702134850,admin,7,prod/16208968888570924-1-85c3df83f608c49fccf.jpg,,prod/16208968888570924-3-896c6ed30355ae21f57.jpg,,office_prod/16208968888570924-officeImg-8ee163965c752b4df31.png,,,871,,1,ENC-0693,黑,,,,,T,M,ENC-0693,400,400,,,F,0,0,0,,,,,,F
EWH-6367,,,3,,16208969135660767,2021-05-13,2021-05-13,0,12759,1,20210702112205,admin,6,prod/16208969135660767-1-a2953e9b535f233ca6d.jpg,prod/16208969135660767-2-6f31b0b227ae65f6ca7.jpg,prod/16208969135660767-3-61384ed98aec61282d7.jpg,,office_prod/16208969135660767-officeImg-28d509cba755ddb5fe2.png,,,12759,,1,EWH-6367,紅,,,,,T,M,EWH-6367,400,400,,,F,0,0,0,,,,,,F
ENW-8161,,,47,,16255648790170997,2019-06-01,2019-06-01,0,1300,3,20240330135331,admin,16,prod/16255648790170997-1-0a459590f5845d3f257.jpg,prod/16255648790170997-2-0a459590f5845d3f257.jpg,prod/16255648790170997-3-9442f0152061903ed70.jpg,,office_prod/16255648790170997-officeImg-0dff604e146e9e5ad49.png,,,1300,,1,RHMGSBT10K0148057,藍色,20240330,,,,T,M,ENW-8161,400,400,,,F,0,0,0,,,,,,F
EMD-7178,,,26,,16264004507280839,2018-04-01,2019-09-05,0,0,1,20210716095425,admin,3,,,,,office_prod/16264004507280839-officeImg-1eae7ae6ce239862c44.png,,,0,,1,RHMGSBT10J0043929,白色,,,,,T,M,EMD-7178,400,400,,,F,0,0,0,,,,,,F
EMD-6837,,,24,,16264044770780019,2018-04-01,2018-04-25,0,6065,1,20210719130832,LS_Tainan,3,,,,,office_prod/16264044770780019-officeImg-3d2b5a23dd4ceda5c57.png,,,6065,,1,RHMGSBT10J0042740,黃色,,,,,T,M,EMD-6837,400,400,,,F,0,0,0,,,,,,F
EMD-8089,,,23,,16264062230330216,2021-07-16,2021-07-16,0,0,1,20210716113023,admin,3,,,,,,,,0,,1,RHMGSBT10J0039982,黃色,,,,,T,M,EMD-8089,400,400,,,F,0,0,0,,,,,,F
EMD-6825,,,24,,16266710297240005,2018-03-01,2021-04-25,1,7214,1,20210719130612,admin,3,,,,,,,,7214,,1,RHMGSBT10J0038741,藍,,,,,T,M,EMD-6825,400,400,,,F,0,0,0,,,,,,F
EMD-7163,,,24,,16266711575330192,2018-04-01,2018-05-03,1,6708,1,20210719130557,admin,3,,,,,,,,6708,,1,RHMGSBT10J0044156,黑,,,,,T,M,EMD-7163,400,400,,,F,0,0,0,,,,,,F
EMD-8118,,,16,,16266880209310959,2021-07-19,2021-07-19,0,32,1,20210719174708,admin,3,,,,,office_prod/16266880209310959-officeImg-8188688530384c8fd8e.png,,,32,,1,RHMGSBT10J0045410,紅色,,,,,T,M,EMD-8118,400,400,,,F,0,0,0,,,,,,F
025-GTU,,,16,,16267499127890825,2021-07-20,2021-07-20,1,5,1,20210720105832,m7czo1516,3,,,,,,,,5,,1,173469271364982,,,,,,T,M,025-GTU,400,400,,,F,0,0,0,,,,,,F
EMJ-7216,,,17,,16268615746670481,2021-07-21,2021-07-21,0,0,1,20210721180211,admin,8,,,,,office_prod/16268615746670481-officeImg-a399d244953f0d7ff87.jpg,,,0,,1,RFVGA0CAAL1000308,,,,,,T,M,EMJ-7216,400,400,,,F,0,0,0,,,,,,F
EMD-7165,,,19,,16268616700860391,2021-07-21,2021-07-21,0,0,1,20210721180228,admin,8,,,,,office_prod/16268616700860391-officeImg-8188688530384c8fd8e.png,,,0,,1,RHMGSBT10J0044545,紅色,,,,,T,M,EMD-7165,400,400,,,F,0,0,0,,,,,,F
EMD-7170,,,25,,16268618322130124,2021-07-21,2021-07-21,0,0,1,20210721180402,admin,3,,,,,office_prod/16268618322130124-officeImg-8188688530384c8fd8e.png,,,0,,1,RHMGSBT10J0044540,紅色,,,,,T,M,EMD-7170,400,400,,,F,0,0,0,,,,,,F
EMD-6823,,,19,,16268619672610498,2021-07-21,2021-07-21,0,0,1,20210721180613,admin,3,,,,,office_prod/16268619672610498-officeImg-0dff604e146e9e5ad49.png,,,0,,1,RHMGSBT10J0038740,藍色,,,,,T,M,EMD-6823,400,400,,,F,0,0,0,,,,,,F
GP-2222,,,32,,16322843763400386,2021-09-22,2021-09-22,0,0,1,20210922121936,admin,5,,,,,,,,0,,0,GP-2222,紅,20210922,,,,T,M,GP-2222,400,400,,,F,0,0,0,,,,,,F
EMV-6091,,,34,,16329755150460116,2021-09-30,2021-09-30,0,2,1,20210930141734,admin,1,,,,,office_prod/16329755150460116-officeImg-ee26908bf9629eeb4b3.jpg,,,2,,1,EMV-6091,灰色,20210930,,,,T,M,EMV-6091,400,400,,,F,0,0,0,,,,,,F
MZ-001,,,35,,16341759852520078,,,0,0,1,20211014094625,admin,1,,,,,,,,0,,1,MZ-001,,,,,,F,M,MZ-001,400,400,,,F,0,0,0,,,,,,F
ML01,,,36,,16616524033350596,2022-08-28,2022-08-28,0,1,1,20220828100643,admin,1,,,,,,,,1,,0,ML01,,20220828,,,,T,M,ML01,400,400,,,F,0,0,0,,,,,,F
ML02,,,36,,16616524033350597,2022-08-28,2022-08-28,0,1,1,20220828100643,admin,1,,,,,,,,1,,0,ML02,,20220828,,,,T,M,ML02,400,400,,,F,0,0,0,,,,,,F
ML03,,,36,,16616524033350598,2022-08-28,2022-08-28,0,1,1,20220828100643,admin,1,,,,,,,,1,,0,ML03,,20220828,,,,T,M,ML03,400,400,,,F,0,0,0,,,,,,F
ML04,,,36,,16616524033350599,2022-08-28,2022-08-28,0,1,1,20220828100643,admin,1,,,,,,,,1,,0,ML04,,20220828,,,,T,M,ML04,400,400,,,F,0,0,0,,,,,,F
ML05,,,36,,16616524033350600,2022-08-28,2022-08-28,0,3242,1,20220828100643,admin,1,,,,,,,,3242,16616539514200186,0,ML05,,20220828,,,,T,M,ML05,400,400,,,F,0,0,0,,,,,,F
ML06,,,36,,16616524033350601,2022-08-28,2022-08-28,0,1,1,20220828100643,admin,1,,,,,,,,1,,0,ML06,,20220828,,,,T,M,ML06,400,400,,,F,0,0,0,,,,,,F
ML07,,,36,,16616524033350602,2022-08-28,2022-08-28,0,1,1,20220828100643,admin,1,,,,,,,,1,,0,ML06,,20220828,,,,T,M,ML06,400,400,,,F,0,0,0,,,,,,F
ML08,,,36,,16616524033350603,2022-08-28,2022-08-28,0,1,1,20220828100643,admin,1,,,,,,,,1,,0,ML06,,20220828,,,,T,M,ML06,400,400,,,F,0,0,0,,,,,,F
ML09,,,36,,16616524033350604,2022-08-28,2022-08-28,0,1,1,20220828100643,admin,1,,,,,,,,1,,0,ML06,,20220828,,,,T,M,ML06,400,400,,,F,0,0,0,,,,,,F
ML10,,,36,,16616524033350605,2022-08-28,2022-08-28,0,1,1,20220828100643,admin,1,,,,,,,,1,,0,ML06,,20220828,,,,T,M,ML06,400,400,,,F,0,0,0,,,,,,F
ML11,,,36,,16616524033350606,2022-08-28,2022-08-28,0,1,1,20220828100643,admin,1,,,,,,,,1,,0,ML06,,20220828,,,,T,M,ML06,400,400,,,F,0,0,0,,,,,,F
ML12,,,36,,16616524033350607,2022-08-28,2022-08-28,0,1,1,20220828100643,admin,1,,,,,,,,1,,0,ML06,,20220828,,,,T,M,ML06,400,400,,,F,0,0,0,,,,,,F
ML13,,,36,,16616524033350608,2022-08-28,2022-08-28,0,1,1,20220828100643,admin,1,,,,,,,,1,,0,ML06,,20220828,,,,T,M,ML06,400,400,,,F,0,0,0,,,,,,F
ML14,,,36,,166165240333506089,2022-08-28,2022-08-28,0,1,1,20220828100643,admin,1,,,,,,,,1,,0,ML06,,20220828,,,,T,M,ML06,400,400,,,F,0,0,0,,,,,,F
ML15,,,36,,166165240333506090,2022-08-28,2022-08-28,0,1,1,20220828100643,admin,1,,,,,,,,1,,0,ML06,,20220828,,,,T,M,ML06,400,400,,,F,0,0,0,,,,,,F
ML16,,,36,,166165240333506091,2022-08-28,2022-08-28,0,1,1,20220828100643,admin,1,,,,,,,,1,,0,ML06,,20220828,,,,T,M,ML06,400,400,,,F,0,0,0,,,,,,F
ML17,,,36,,166165240333506092,2022-08-28,2022-08-28,0,1,1,20220828100643,admin,1,,,,,,,,1,,0,ML06,,20220828,,,,T,M,ML06,400,400,,,F,0,0,0,,,,,,F
ML18,,,36,,166165240333506093,2022-08-28,2022-08-28,0,1,1,20220828100643,admin,1,,,,,,,,1,,0,ML06,,20220828,,,,T,M,ML06,400,400,,,F,0,0,0,,,,,,F
ML19,,,36,,166165240333506094,2022-08-28,2022-08-28,0,1,1,20220828100643,admin,1,,,,,,,,1,,0,ML06,,20220828,,,,T,M,ML06,400,400,,,F,0,0,0,,,,,,F
ML20,,,36,,166165240333506095,2022-08-28,2022-08-28,0,1,1,20220828100643,admin,1,,,,,,,,1,,0,ML06,,20220828,,,,T,M,ML06,400,400,,,F,0,0,0,,,,,,F
ML21,,,36,,166165240333506096,2022-08-28,2022-08-28,0,1,1,20220828100643,admin,1,,,,,,,,1,,0,ML06,,20220828,,,,T,M,ML06,400,400,,,F,0,0,0,,,,,,F
ML22,,,36,,166165240333506097,2022-08-28,2022-08-28,0,1,1,20220828100643,admin,1,,,,,,,,1,,0,ML06,,20220828,,,,T,M,ML06,400,400,,,F,0,0,0,,,,,,F
ML23,,,36,,166165240333506098,2022-08-28,2022-08-28,0,1,1,20220828100643,admin,1,,,,,,,,1,,0,ML06,,20220828,,,,T,M,ML06,400,400,,,F,0,0,0,,,,,,F
EMD-0000,,,38,,16661511173580070,2022-10-19,2022-10-19,0,80,1,20221019114655,ZOCHA,3,,,,,office_prod/16661511173580070-officeImg-b95dd12f2b14c3e4ae5.jpg,,,80,,0,EMD-0000,無,20221019,,,,T,M,EMD-0000,,0,,,F,0,0,0,,,,,,F
EMD-8108,,,3,,16675671505460847,2022-11-04,2022-11-04,0,0,1,20221104210646,admin,3,,,,,office_prod/16675671505460847-officeImg-ea1784fadaa9b3ca831.jpg,,,0,,0,EMD-8108,藍,20221104,,,,T,M,EMD-8108,,0,,,F,0,0,0,,,,,,F
EQT-0750,,,37,,16728103302950239,2023-01-04,2023-01-04,0,123,0,20240929174101,zochakh,14,,,,,office_prod/16728103302950239-officeImg-8e03093ed998bac7299.jpg,,,123,,0,EQT-0750,白,20230104,,,,T,M,EQT-0750,,0,,,T,0,0,0,,,test,20240929174101,,F
EQT-0751,,,37,,16728205817190957,2023-01-04,2023-01-04,0,1815,3,20240828103735,admin,14,,,,,office_prod/16728205817190957-officeImg-f3f519f077678e4b972.jpg,,,1815,,0,EQT-0751,白,20230104,,,,T,M,EQT-0751,,0,,,F,0,0,0,,,維修,20240828103735,,F
EPS-7806,,,37,,16733477734280901,2023-01-10,2023-01-10,0,0,0,20230110185129,zochakh,14,,,,,office_prod/16733477734280901-officeImg-09bba5759079480dbf6.jpg,,,0,,0,EPS-7806,白,20230110,,,,F,M,EPS-7806,,0,,,T,0,0,0,,,,,,F
EPS-7797,,,42,,16757468089780478,2023-02-07,2023-02-07,0,0,1,20230218164514,admin,14,,,,,office_prod/16757468089780478-officeImg-6201427fdc3dfe9d0dd.jpg,,,0,,0,EPS-7797,白,20230207,,,,F,M,EPS-7797,,0,,20226188001,T,0,0,0,,,,,,F
AB60267,,,37,,16781575079380133,2023-03-07,2023-03-07,0,0,0,20230307105205,zochakh,15,,,,,office_prod/16781575079380133-officeImg-2c6a2301f651adbdcde.jpg,,,0,,0,AB60267,橘,20230307,,,,T,B,AB60267,,0,,,F,0,0,0,,,,,,F
EPU-5930,,,37,,16783297521130956,2023-03-09,2023-03-09,0,2125,1,20230309104232,zochakh,14,,,,,office_prod/16728103302950239-officeImg-8e03093ed998bac7299.jpg,,,2125,,0,EPU-5930,白,20230309,,,,T,M,EPU-5930,,0,,,F,0,0,0,,,,,,F
EPS-8867,,,14,,16783355271650887,2023-03-09,2023-03-09,1,0,1,20230309125454,admin,14,,,,,office_prod/16783355271650887-officeImg-0237903346ef3f8dbc6.jpg,,,0,,0,EPS-8867,白,20230309,,,,T,M,EPS-8867,,0,,20226188015,T,0,0,0,,,,,,F
EPV-0275,,,42,,16811030434320210,2023-04-10,2023-04-10,0,733,1,20230410130403,admin,14,,,,,,,,733,,0,EPV-0275,白,20230410,,,,T,M,EPV-0275,,0,,61882022290,T,0,0,0,,,,,,F
NVH-3779,,,1,,16836163627800754,2023-05-09,2023-05-09,10000,0,1,20230512164549,admin,16,,,,,office_prod/16836163627800754-officeImg-1a865bbcf245703d90d.jpg,,,0,,0,NVH-3779,,20230509,,,,F,M,NVH-3779,,0,1,31210018170,T,0,0,0,,,,,ECO,T
TEST VINO,,,35,,16850916357510092,2023-05-26,2023-05-26,0,9,1,20230526170128,admin,17,,,,,,,,9,,0,test vino,,20230526,,,,F,M,TEST VINO,,0,,,F,0,,0,,,,,,F
EMD-0001,,,43,,16926090850180749,2023-08-21,2023-08-21,0,201,1,20230825195326,admin,18,,,,,office_prod/16926090850180749-officeImg-9ee30f6f16137359665.jpg,,,201,,0,EMD-0001,白,20230821,,,,T,S,EMD-0001,0,0,,,F,0,0,0,,,,,,F
NPR-9325,,,43,,16929620571810675,2023-08-25,2023-08-25,0,3,1,20230825195341,admin,16,,,,,office_prod/16929620571810675-officeImg-498e712a533a895a8da.jpg,,,3,,0,NPR-9325,白,20230825,,,,T,M,NPR-9325,0,0,,,F,0,0,0,,,,,,F
ENZ-0555,,,52,,16929623333550107,,,0,70,1,20250709172406,admin,7,,,,,office_prod/16929623333550107-officeImg-b0bfaef9c6ba21b69b1.jpg,,,70,,0,ENZ-0535,白,20240102,,,,T,M,ENZ-0555,0,0,,,F,0,0,0,20231230,,,,,F
EWW-0001,,,47,,17117829096900119,2024-03-30,2024-03-30,0,2,1,20240330151509,ZOCHA1234,16,,,,,,,,2,,0,EWW-0001,,20240330,,,,T,M,EWW-0001,,0,,,F,0,0,0,,,,,,F
EWW-0002,,,47,,17117829278310016,2024-03-30,2024-03-30,0,50,1,20240330151527,ZOCHA1234,16,,,,,,,,50,,0,EWW-0002,,20240330,,,,T,M,EWW-0002,,0,,,F,0,0,0,,,,,,F
GHJ-1235,,,4,,17225037200330627,2024-08-01,2024-08-01,30000,12739,1,20241018113030,admin,16,,,,,office_prod/17225037200330627-officeImg-699b11b73b1fea9a595.jpg,,,12739,,0,GHJ-1235,黑,20240801,,,,T,M,GHJ-1235,,0,,91882023567,T,0,0,0,,zocha,okk,20241018113030,ECO,F
230929TEST,,,37,,17276032447110177,2024-09-29,2024-09-29,0,0,1,20240929174746,admin,2,,,,,,,,0,,0,230929test,灰,20240929,,,,F,M,230929TEST,0,0,,,F,0,0,0,,zocha,,20240929174746,,F
JAKE-1234,,,1,,17313850550840370,2024-11-12,2024-11-12,1000,0,1,20241218165541,admin,3,,,,,,,,0,17486747536420893,0,jake-1234,,20241112,,,,F,M,JAKE-1234,0,0,,,F,0,0,0,,,admin,20241218165541,,F
EMG-3231,,,1,,17326155847910172,,,100,0,1,20250206160326,admin,9,,,,,,,,0,17486677284910478,0,EMG-3231,,20241127,,,,F,M,EMG-3231,100,100,,110911654258940,T,0,0,0,,,okk,20241224154524,PURISM,F
RTS-4567,,,4,,17346971448990296,2024-12-20,2024-12-20,100,0,1,20241224165055,admin,3,,,,,,,,0,,0,RTS-4567,,20241220,,,,F,M,RTS-4567,0,0,1,13043082237,T,0,0,0,,,okk,20241224165055,ECO,T
AWS-1234,,,51,,17363211865090018,2025-01-08,2025-01-08,315,0,1,20250108152646,admin,3,,,,,,,,0,,0,AWS-1234,白,20250108,,,,T,M,AWS-1234,0,0,,,F,3000,180,0,20250108,investor," ",20250108152646,,F
R-S-001,,,51,,17391662336440028,2025-02-10,2025-02-01,0,0,1,20250210144432,zochatest,18,,,,,office_prod/17391662336440028-officeImg-c0e43407fb9db42216e.jpg,,,0,,0,R-S-001,,20250210,,,,F,B,R-S-001,0,0,,,F,0,0,0,,investor,TEST,20250210144432,,F
R-M-001,,,51,,17391666868450402,2025-02-10,2025-02-10,0,0,1,20250210135233,zochatest,18,,,prod/17391666868450402-3-8b460c9b802a20b6a5e.jpg,,office_prod/17391666868450402-officeImg-5dc57a2168c258c3d91.jpg,,,0,,0,R-M-001,,20250210,,,,F,B,R-M-001,0,0,,,F,0,0,0,,investor,TEST,20250210135143,,F
R-L-001,,,51,,17391669657650864,2025-02-10,2025-02-10,0,0,1,20250210135747,zochatest,18,,,,,office_prod/17391669657650864-officeImg-bd0db70227f4e7b2bc3.jpg,,,0,,0,R-L-001,,20250210,,,,F,B,R-L-001,0,0,,,F,0,0,0,,investor,TEST,20250210135619,,F
M-S-001,,,51,,17391670938360548,2025-02-10,2025-02-10,0,0,1,20250210135852,zochatest,18,,,,,office_prod/17391670938360548-officeImg-4073ccab88ed34a66df.jpg,,,0,,0,M-S-001,,20250210,,,,F,B,M-S-001,0,0,,,F,0,0,0,,investor,TEST,20250210135828,,F
E-S-001,,,51,,17391671720850156,2025-02-10,2025-02-10,0,0,1,20250210140011,zochatest,18,,,,,office_prod/17391671720850156-officeImg-b115911a5f38338a33c.jpg,,,0,,0,E-S-001,,20250210,,,,F,B,E-S-001,0,0,,,F,0,0,0,,investor,TEST,20250210135945,,F
EBC-1253,,,4,,17447946072830615,2025-04-16,2025-04-16,100,1,0,20250416171007,admin,3,,,,,,,,1,,0,EBC-1253,,20250416,,,,F,M,EBC-1253,0,0,,,F,0,0,0,,zocha,,,,F
EMW-2055,,,1,,17499040468500506,2025-06-14,2025-06-14,1,1000,0,20250614202726,admin,3,,,,,,,,1000,,0,EMW-2055,,20250614,,,,T,M,EMW-2055,0,0,,220618351614004,F,0,0,0,,,,,PURISM,F
EMH-2707,,,1,,17502283021290888,2025-06-18,2025-06-18,1,100,0,20250618143142,admin,1,,,,,,,,100,,0,EMH-2707,,20250618,,,,F,M,EMH-2707,0,0,,211964792064304,F,0,0,0,,,,,PURISM,F
